{"speed":1.0,"_ids":14,"id":5,"currentX":-1.0000066757202149,"currentY":9.899999618530274}