{"speed":1.0,"_ids":25,"id":11,"currentX":5.959988117218018,"currentY":8.899999618530274,"startingSide":1}