{"speed":1.0,"_ids":14,"id":13,"currentX":-7.000000953674316,"currentY":11.899999618530274,"startingSide":1}