{"speed":0.0,"_ids":14,"id":10,"currentX":9.005431175231934,"currentY":5.633190155029297,"startingSide":2}