{"speed":0.0,"_ids":14,"id":4,"currentX":8.994568824768067,"currentY":6.366809844970703,"startingSide":2}