{"speed":1.0,"_ids":123,"id":117,"currentX":-5.889966011047363,"currentY":11.899999618530274,"startingSide":1}