{"speed":1.0,"_ids":123,"id":98,"currentX":9.130047798156739,"currentY":11.899999618530274,"startingSide":1}