{"speed":3.0,"_ids":13,"id":6,"currentX":-3.5299935340881349,"currentY":11.899999618530274,"startingSide":1}