{"speed":1.0,"_ids":22,"id":9,"currentX":2.9799907207489015,"currentY":11.899999618530274,"startingSide":1}