{"speed":1.0,"_ids":22,"id":8,"currentX":5.979988098144531,"currentY":9.899999618530274,"startingSide":1}