{"speed":1.0,"_ids":22,"id":7,"currentX":8.980008125305176,"currentY":9.899999618530274,"startingSide":1}