{"speed":0.0,"_ids":22,"id":13,"currentX":0.01407690066844225,"currentY":-7.558655738830566,"startingSide":1}