{"speed":0.0,"_ids":25,"id":2,"currentX":-0.015024274587631226,"currentY":-8.431985855102539,"startingSide":1}