{"speed":0.999851644039154,"_ids":25,"id":14,"currentX":-9.984437942504883,"currentY":-7.550449371337891,"startingSide":2}