{"speed":0.0,"_ids":25,"id":0,"currentX":0.01433116476982832,"currentY":-7.556468963623047,"startingSide":1}