{"speed":0.0,"_ids":25,"id":3,"currentX":0.00013239221880212426,"currentY":-9.127045631408692,"startingSide":2}