{"speed":5.0,"_ids":106,"id":98,"currentX":401.21527099609377,"currentY":-8.350000381469727,"startingSide":1}