{"speed":2.0,"_ids":132,"id":131,"currentX":-9.510000228881836,"currentY":11.899999618530274,"startingSide":1}