{"speed":2.0,"_ids":132,"id":124,"currentX":-3.5100059509277345,"currentY":11.899999618530274,"startingSide":1}