{"speed":1.0,"_ids":123,"id":109,"currentX":0.110028937458992,"currentY":9.899999618530274,"startingSide":1}