{"speed":1.0,"_ids":11,"id":8,"currentX":-7.560000419616699,"currentY":11.899999618530274,"startingSide":1}