{"speed":1.0,"_ids":16,"id":13,"currentX":-5.800002098083496,"currentY":9.899999618530274,"startingSide":1}