{"speed":1.0,"_ids":16,"id":8,"currentX":-2.8000049591064455,"currentY":9.899999618530274,"startingSide":1}