{"speed":1.0,"_ids":16,"id":5,"currentX":0.19999291002750398,"currentY":11.899999618530274,"startingSide":1}