{"speed":1.0,"_ids":2,"id":3,"currentX":-4.900002956390381,"currentY":9.899999618530274,"startingSide":1}