{"speed":1.0,"_ids":106,"id":90,"currentX":1.6300280094146729,"currentY":9.899999618530274,"startingSide":1}