{"speed":0.0,"_ids":106,"id":2,"currentX":-9.59000015258789,"currentY":8.899999618530274,"startingSide":1}