{"speed":1.0,"_ids":93,"id":82,"currentX":-1.3699703216552735,"currentY":11.899999618530274,"startingSide":1}