{"speed":1.0,"_ids":38,"id":24,"currentX":1.419992208480835,"currentY":9.899999618530274,"startingSide":1}