{"speed":1.0,"_ids":38,"id":21,"currentX":4.419989585876465,"currentY":11.899999618530274,"startingSide":1}