{"speed":1.0,"_ids":123,"id":101,"currentX":6.130023956298828,"currentY":11.899999618530274,"startingSide":1}