{"speed":1.0,"_ids":21,"id":12,"currentX":2.279991388320923,"currentY":11.899999618530274,"startingSide":1}