{"speed":1.0,"_ids":21,"id":11,"currentX":5.279988765716553,"currentY":9.899999618530274,"startingSide":2}