{"speed":1.0,"_ids":21,"id":10,"currentX":8.27999210357666,"currentY":9.899999618530274,"startingSide":2}