{"speed":2.0,"_ids":9,"id":5,"currentX":-7.550002098083496,"currentY":9.899999618530274,"startingSide":1}