{"speed":1.0,"_ids":6,"id":5,"currentX":-7.580000400543213,"currentY":8.899999618530274,"startingSide":1}