{"speed":3.0,"_ids":17,"id":12,"currentX":-6.5299906730651859,"currentY":9.899999618530274,"startingSide":1}