{"speed":3.0,"_ids":17,"id":5,"currentX":-0.5299959182739258,"currentY":11.899999618530274,"startingSide":1}