{"speed":0.0,"_ids":17,"id":1,"currentX":-9.59000015258789,"currentY":9.899999618530274,"startingSide":1}