{"speed":1.0,"_ids":93,"id":74,"currentX":4.630025386810303,"currentY":8.899999618530274,"startingSide":1}