{"speed":2.0,"_ids":28,"id":25,"currentX":-7.550002098083496,"currentY":11.899999618530274,"startingSide":1}