{"speed":2.0,"_ids":28,"id":21,"currentX":-3.5500059127807619,"currentY":8.899999618530274,"startingSide":1}