{"speed":2.0,"_ids":28,"id":13,"currentX":4.449988842010498,"currentY":9.899999618530274,"startingSide":1}