{"speed":2.0,"_ids":28,"id":9,"currentX":8.44998550415039,"currentY":8.899999618530274,"startingSide":1}