{"speed":1.0,"_ids":96,"id":85,"currentX":0.4399929940700531,"currentY":9.899999618530274,"startingSide":1}