{"speed":1.0,"_ids":96,"id":80,"currentX":3.439990282058716,"currentY":11.899999618530274,"startingSide":1}