{"speed":1.0,"_ids":96,"id":77,"currentX":6.439987659454346,"currentY":8.899999618530274,"startingSide":1}