{"speed":1.0,"_ids":96,"id":72,"currentX":9.440018653869629,"currentY":9.899999618530274,"startingSide":1}