{"speed":1.0,"_ids":14,"id":10,"currentX":-4.020003795623779,"currentY":9.899999618530274}