{"speed":1.0,"_ids":14,"id":5,"currentX":-1.0200066566467286,"currentY":9.899999618530274}