{"speed":2.0,"_ids":48,"id":45,"currentX":-7.550002098083496,"currentY":8.899999618530274,"startingSide":1}