{"speed":2.0,"_ids":48,"id":41,"currentX":-3.5500059127807619,"currentY":9.899999618530274,"startingSide":1}