{"speed":2.0,"_ids":48,"id":37,"currentX":0.4499918222427368,"currentY":11.899999618530274,"startingSide":1}