{"speed":2.0,"_ids":48,"id":33,"currentX":4.449988842010498,"currentY":11.899999618530274,"startingSide":1}