{"speed":2.0,"_ids":48,"id":29,"currentX":8.44998550415039,"currentY":9.899999618530274,"startingSide":1}