{"speed":1.0,"_ids":106,"id":93,"currentX":-1.3699703216552735,"currentY":8.899999618530274,"startingSide":1}