{"speed":5.0,"_ids":17,"id":15,"currentX":0.19999998807907105,"currentY":-8.350000381469727,"startingSide":1}