{"speed":1.0,"_ids":17,"id":14,"currentX":-7.040000915527344,"currentY":8.899999618530274,"startingSide":1}