{"speed":1.0,"_ids":17,"id":13,"currentX":-4.040003776550293,"currentY":8.899999618530274,"startingSide":1}