{"speed":1.0,"_ids":17,"id":12,"currentX":-1.0400066375732422,"currentY":8.899999618530274,"startingSide":1}