{"speed":1.0,"_ids":17,"id":11,"currentX":1.9799916744232178,"currentY":9.899999618530274,"startingSide":2}