{"speed":1.0,"_ids":17,"id":10,"currentX":4.979989051818848,"currentY":8.899999618530274,"startingSide":2}