{"speed":1.0,"_ids":17,"id":9,"currentX":7.979986190795898,"currentY":8.899999618530274,"startingSide":2}