{"speed":1.0,"_ids":17,"id":8,"currentX":0.03999999910593033,"currentY":-8.350000381469727,"startingSide":1}