{"speed":2.0,"_ids":17,"id":3,"currentX":-0.07999999821186066,"currentY":-8.40999984741211,"startingSide":1}