{"speed":1.0,"_ids":0,"id":3,"currentX":1.6300280094146729,"currentY":11.899999618530274,"startingSide":2}