{"speed":1.0,"_ids":25,"id":14,"currentX":5.959988117218018,"currentY":9.899999618530274,"startingSide":1}