{"speed":0.0,"_ids":25,"id":0,"currentX":0.014191110618412495,"currentY":-7.554010391235352,"startingSide":1}