{"speed":1.0,"_ids":93,"id":90,"currentX":-7.369964599609375,"currentY":8.899999618530274,"startingSide":1}