{"speed":1.0,"_ids":22,"id":21,"currentX":-7.000000953674316,"currentY":11.899999618530274,"startingSide":1}