{"speed":1.0,"_ids":22,"id":8,"currentX":5.999988079071045,"currentY":9.899999618530274,"startingSide":1}