{"speed":1.0,"_ids":25,"id":12,"currentX":2.999990701675415,"currentY":11.899999618530274,"startingSide":1}