{"speed":1.0,"_ids":15,"id":12,"currentX":-5.980001926422119,"currentY":11.899999618530274,"startingSide":1}