{"speed":1.0,"_ids":15,"id":11,"currentX":-0.7000069618225098,"currentY":8.899999618530274,"startingSide":1}