{"speed":1.0,"_ids":15,"id":10,"currentX":2.2999913692474367,"currentY":11.899999618530274,"startingSide":2}