{"speed":1.0,"_ids":15,"id":9,"currentX":5.299988746643066,"currentY":9.899999618530274,"startingSide":2}