{"speed":1.0,"_ids":15,"id":8,"currentX":8.299992561340332,"currentY":9.899999618530274,"startingSide":2}