{"speed":1.0,"_ids":6,"id":5,"currentX":-7.40000057220459,"currentY":9.899999618530274,"startingSide":1}