{"speed":1.0,"_ids":22,"id":7,"currentX":9.000008583068848,"currentY":9.899999618530274,"startingSide":1}