{"speed":2.0,"_ids":106,"id":97,"currentX":160.4770965576172,"currentY":-8.40999984741211,"startingSide":1}