{"speed":3.0,"_ids":358,"id":337,"currentX":8.229998588562012,"currentY":9.899999618530274,"startingSide":1}