{"speed":1.0,"_ids":24,"id":21,"currentX":-8.569976806640625,"currentY":8.899999618530274,"startingSide":1}