{"speed":1.0,"_ids":24,"id":18,"currentX":-5.5699663162231449,"currentY":8.899999618530274,"startingSide":1}