{"speed":1.0,"_ids":24,"id":13,"currentX":-2.5699691772460939,"currentY":11.899999618530274,"startingSide":1}