{"speed":1.0,"_ids":24,"id":10,"currentX":0.4300290048122406,"currentY":11.899999618530274,"startingSide":1}