{"speed":1.0,"_ids":24,"id":5,"currentX":3.4300262928009035,"currentY":11.899999618530274,"startingSide":1}