{"speed":1.0,"_ids":25,"id":12,"currentX":2.9599907398223879,"currentY":11.899999618530274,"startingSide":1}