{"speed":1.0,"_ids":25,"id":16,"currentX":-1.0000066757202149,"currentY":11.899999618530274,"startingSide":1}