{"speed":1.0,"_ids":25,"id":11,"currentX":5.999988079071045,"currentY":8.899999618530274,"startingSide":1}