{"speed":5.0,"_ids":8,"id":10,"currentX":32.600074768066409,"currentY":-8.350000381469727,"startingSide":1}