{"speed":1.0,"_ids":8,"id":8,"currentX":6.519994735717773,"currentY":-8.350000381469727,"startingSide":1}