{"speed":1.0,"_ids":25,"id":14,"currentX":5.939988136291504,"currentY":9.899999618530274,"startingSide":1}