{"speed":1.0,"_ids":11,"id":5,"currentX":-4.560003280639648,"currentY":8.899999618530274,"startingSide":1}