{"speed":3.0,"_ids":358,"id":355,"currentX":-6.76999044418335,"currentY":9.899999618530274,"startingSide":1}