{"speed":2.0,"_ids":132,"id":128,"currentX":-7.510002136230469,"currentY":9.899999618530274,"startingSide":1}