{"speed":2.0,"_ids":132,"id":123,"currentX":-1.5100078582763672,"currentY":11.899999618530274,"startingSide":1}