{"speed":2.0,"_ids":132,"id":116,"currentX":4.489988803863525,"currentY":11.899999618530274,"startingSide":1}