{"speed":1.0,"_ids":0,"id":3,"currentX":-1.3699703216552735,"currentY":11.899999618530274,"startingSide":1}