{"Log0":{"dataSpeed":1.0,"dataIDs":14,"dataID":13,"currentX":-7.02000093460083,"currentY":11.899999618530274},"Car0":{"dataSpeed":5.0,"dataIDs":14,"dataID":12,"currentX":-0.8999979496002197,"currentY":6.0},"Turtle0":{"dataSpeed":2.0,"dataIDs":14,"dataID":11,"currentX":5.040003776550293,"currentY":11.0},"Turtle1":{"dataSpeed":2.0,"dataIDs":14,"dataID":9,"currentX":1.0400075912475587,"currentY":11.0},"Log1":{"dataSpeed":1.0,"dataIDs":14,"dataID":8,"currentX":-4.020003795623779,"currentY":9.899999618530274},"Turtle2":{"dataSpeed":2.0,"dataIDs":14,"dataID":6,"currentX":-2.959990978240967,"currentY":11.0},"Log2":{"dataSpeed":1.0,"dataIDs":14,"dataID":5,"currentX":-1.0000066757202149,"currentY":11.899999618530274},"Turtle3":{"dataSpeed":2.0,"dataIDs":14,"dataID":3,"currentX":-6.9999871253967289,"currentY":11.0},"Car1":{"dataSpeed":5.0,"dataIDs":14,"dataID":2,"currentX":-0.014614173211157322,"currentY":-8.4300537109375},"ScoreKeeper":{"ScoreMultiplier":1,"Score":0,"ScoreMessage":"0"},"Frog":{"DataSpeed":1.0,"CurrentPositionX":0.0,"CurrentPositionY":1.0,"DataFurthestTravelled":0,"DataWithLadyFrog":false,"DataNumberOfJumps":1},"Turtle4":{"dataSpeed":2.0,"dataIDs":14,"dataID":1,"currentX":0.0003021078882738948,"currentY":-9.12129020690918},"Log3":{"dataSpeed":1.0,"dataIDs":14,"dataID":0,"currentX":0.01407690066844225,"currentY":-7.558655738830566},"HomeFrog0":{"PositionX":0.0,"PositionY":-8.350000381469727}}