{"speed":2.0,"_ids":132,"id":127,"currentX":-5.510004043579102,"currentY":11.899999618530274,"startingSide":1}