{"speed":2.0,"_ids":132,"id":119,"currentX":2.489990711212158,"currentY":9.899999618530274,"startingSide":1}