{"speed":2.0,"_ids":132,"id":115,"currentX":6.489986896514893,"currentY":9.899999618530274,"startingSide":1}