{"speed":2.0,"_ids":132,"id":112,"currentX":8.489985466003418,"currentY":8.899999618530274,"startingSide":1}