{"speed":1.0,"_ids":48,"id":42,"currentX":-4.880002975463867,"currentY":9.899999618530274,"startingSide":1}