{"speed":1.0,"_ids":25,"id":10,"currentX":8.980008125305176,"currentY":8.899999618530274,"startingSide":1}