{"speed":3.0,"_ids":358,"id":351,"currentX":-3.769993305206299,"currentY":11.899999618530274,"startingSide":1}