{"speed":3.0,"_ids":358,"id":348,"currentX":-0.769995927810669,"currentY":11.899999618530274,"startingSide":1}