{"speed":3.0,"_ids":358,"id":344,"currentX":2.2300028800964357,"currentY":8.899999618530274,"startingSide":1}