{"speed":1.0,"_ids":25,"id":14,"currentX":8.960007667541504,"currentY":9.899999618530274,"startingSide":1}