{"speed":1.0,"_ids":25,"id":16,"currentX":-1.0200066566467286,"currentY":8.899999618530274,"startingSide":1}