{"speed":0.0,"_ids":25,"id":1,"currentX":-0.000539058237336576,"currentY":-9.125460624694825,"startingSide":1}