{"speed":1.0,"_ids":14,"id":8,"currentX":-4.000003814697266,"currentY":9.899999618530274}