{"speed":0.0,"_ids":5,"id":2,"currentX":-9.59000015258789,"currentY":11.899999618530274,"startingSide":1}