{"speed":1.0,"_ids":106,"id":85,"currentX":4.630025386810303,"currentY":11.899999618530274,"startingSide":1}