{"speed":1.0,"_ids":25,"id":19,"currentX":-4.020003795623779,"currentY":8.899999618530274,"startingSide":1}