{"speed":1.0,"_ids":25,"id":14,"currentX":8.980008125305176,"currentY":9.899999618530274,"startingSide":1}