{"speed":0.9996577501296997,"_ids":25,"id":14,"currentX":-9.922584533691407,"currentY":-7.544451713562012,"startingSide":2}