{"speed":1.0,"_ids":25,"id":14,"currentX":8.940007209777832,"currentY":9.899999618530274,"startingSide":1}