{"speed":1.0,"_ids":14,"id":13,"currentX":-7.02000093460083,"currentY":8.899999618530274,"startingSide":1}