{"speed":2.0,"_ids":132,"id":120,"currentX":0.48999181389808657,"currentY":8.899999618530274,"startingSide":1}