{"speed":0.0,"_ids":14,"id":1,"currentX":0.0003021078882738948,"currentY":-9.12129020690918,"startingSide":1}