{"speed":1.0,"_ids":8,"id":5,"currentX":-5.460002422332764,"currentY":11.899999618530274,"startingSide":1}