{"speed":1.0,"_ids":25,"id":24,"currentX":-7.000000953674316,"currentY":8.899999618530274,"startingSide":1}