{"speed":3.0,"_ids":17,"id":15,"currentX":-9.529999732971192,"currentY":9.899999618530274,"startingSide":1}