{"speed":3.0,"_ids":17,"id":8,"currentX":-3.5299935340881349,"currentY":8.899999618530274,"startingSide":1}