{"speed":1.0,"_ids":44,"id":42,"currentX":-7.080000877380371,"currentY":8.899999618530274,"startingSide":1}