{"speed":1.0,"_ids":44,"id":40,"currentX":-1.0800065994262696,"currentY":8.899999618530274,"startingSide":1}