{"speed":1.0,"_ids":44,"id":39,"currentX":1.9399917125701905,"currentY":9.899999618530274,"startingSide":2}