{"speed":1.0,"_ids":44,"id":38,"currentX":4.93998908996582,"currentY":8.899999618530274,"startingSide":2}