{"speed":1.0,"_ids":44,"id":37,"currentX":7.939986228942871,"currentY":8.899999618530274,"startingSide":2}