{"speed":1.0,"_ids":30,"id":27,"currentX":-6.000001907348633,"currentY":11.899999618530274,"startingSide":1}