{"speed":1.0,"_ids":30,"id":26,"currentX":-0.7200069427490234,"currentY":8.899999618530274,"startingSide":1}