{"speed":1.0,"_ids":30,"id":24,"currentX":5.279988765716553,"currentY":9.899999618530274,"startingSide":2}