{"speed":2.0,"_ids":68,"id":65,"currentX":-7.590002059936523,"currentY":8.899999618530274,"startingSide":1}