{"speed":2.0,"_ids":68,"id":61,"currentX":-3.590005874633789,"currentY":11.899999618530274,"startingSide":1}