{"speed":2.0,"_ids":68,"id":57,"currentX":0.4099918305873871,"currentY":8.899999618530274,"startingSide":1}