{"speed":2.0,"_ids":68,"id":53,"currentX":4.409988880157471,"currentY":11.899999618530274,"startingSide":1}