{"speed":2.0,"_ids":68,"id":49,"currentX":8.44998550415039,"currentY":11.899999618530274,"startingSide":1}