{"speed":1.0,"_ids":123,"id":122,"currentX":-8.889984130859375,"currentY":11.899999618530274,"startingSide":1}