{"speed":1.0,"_ids":106,"id":101,"currentX":-7.369964599609375,"currentY":11.899999618530274,"startingSide":1}