{"speed":1.0,"_ids":106,"id":98,"currentX":-4.369967460632324,"currentY":9.899999618530274,"startingSide":1}