{"speed":1.0,"_ids":106,"id":96,"currentX":80.2385482788086,"currentY":-8.350000381469727,"startingSide":1}