{"speed":1.0,"_ids":123,"id":106,"currentX":3.1300265789031984,"currentY":9.899999618530274,"startingSide":1}