{"speed":0.0,"_ids":22,"id":12,"currentX":-0.014614173211157322,"currentY":-8.4300537109375,"startingSide":1}