{"speed":1.0,"_ids":22,"id":16,"currentX":-4.000003814697266,"currentY":8.899999618530274,"startingSide":1}