{"speed":1.0,"_ids":96,"id":88,"currentX":-2.5600051879882814,"currentY":8.899999618530274,"startingSide":1}