{"speed":1.0,"_ids":134,"id":128,"currentX":-4.08000373840332,"currentY":8.899999618530274,"startingSide":1}