{"speed":1.0,"_ids":134,"id":133,"currentX":-7.040000915527344,"currentY":8.899999618530274,"startingSide":1}