{"speed":1.0,"_ids":134,"id":128,"currentX":-4.040003776550293,"currentY":11.899999618530274,"startingSide":1}