{"speed":1.0,"_ids":134,"id":120,"currentX":1.959991693496704,"currentY":11.899999618530274,"startingSide":1}