{"speed":1.0,"_ids":134,"id":117,"currentX":4.959989070892334,"currentY":9.899999618530274,"startingSide":1}