{"speed":1.0,"_ids":134,"id":112,"currentX":7.959986209869385,"currentY":8.899999618530274,"startingSide":1}