{"speed":1.0,"_ids":8,"id":5,"currentX":-9.04998779296875,"currentY":11.899999618530274,"startingSide":1}