{"speed":2.0,"_ids":8,"id":9,"currentX":13.039989471435547,"currentY":-8.40999984741211,"startingSide":1}