{"speed":1.0,"_ids":93,"id":85,"currentX":-4.369967460632324,"currentY":8.899999618530274,"startingSide":1}