{"speed":1.0,"_ids":38,"id":37,"currentX":-7.600000381469727,"currentY":11.899999618530274,"startingSide":1}