{"speed":1.0,"_ids":38,"id":32,"currentX":-4.600003242492676,"currentY":8.899999618530274,"startingSide":1}