{"speed":1.0,"_ids":38,"id":29,"currentX":-1.5800061225891114,"currentY":9.899999618530274,"startingSide":1}