{"speed":1.0,"_ids":38,"id":16,"currentX":7.419986724853516,"currentY":8.899999618530274,"startingSide":1}