{"speed":1.0,"_ids":22,"id":7,"currentX":8.900006294250489,"currentY":8.899999618530274,"startingSide":1}