{"speed":0.0,"_ids":25,"id":20,"currentX":0.01407690066844225,"currentY":-7.558655738830566,"startingSide":1}