{"speed":1.0,"_ids":29,"id":24,"currentX":-5.600002288818359,"currentY":8.899999618530274,"startingSide":1}