{"speed":1.0,"_ids":29,"id":21,"currentX":-2.6000051498413088,"currentY":11.899999618530274,"startingSide":1}