{"speed":1.0,"_ids":29,"id":16,"currentX":0.399992972612381,"currentY":9.899999618530274,"startingSide":1}