{"speed":1.0,"_ids":29,"id":13,"currentX":3.3999903202056886,"currentY":9.899999618530274,"startingSide":1}