{"speed":1.0,"_ids":29,"id":8,"currentX":6.399987697601318,"currentY":8.899999618530274,"startingSide":1}