{"speed":1.0,"_ids":29,"id":5,"currentX":9.400017738342286,"currentY":9.899999618530274,"startingSide":1}