{"speed":1.0,"_ids":38,"id":37,"currentX":-7.340000629425049,"currentY":9.899999618530274,"startingSide":1}