{"speed":1.0,"_ids":38,"id":32,"currentX":-4.340003490447998,"currentY":8.899999618530274,"startingSide":1}