{"speed":1.0,"_ids":38,"id":29,"currentX":-1.3400063514709473,"currentY":11.899999618530274,"startingSide":1}