{"speed":1.0,"_ids":38,"id":24,"currentX":1.659991979598999,"currentY":11.899999618530274,"startingSide":1}