{"speed":1.0,"_ids":38,"id":16,"currentX":7.679986476898193,"currentY":8.899999618530274,"startingSide":1}