{"speed":1.0,"_ids":25,"id":19,"currentX":-4.000003814697266,"currentY":8.899999618530274,"startingSide":1}