{"speed":1.0,"_ids":123,"id":114,"currentX":-2.8899688720703127,"currentY":9.899999618530274,"startingSide":1}