{"speed":1.0,"_ids":22,"id":21,"currentX":-7.02000093460083,"currentY":9.899999618530274,"startingSide":1}