{"speed":1.0,"_ids":22,"id":16,"currentX":-4.020003795623779,"currentY":9.899999618530274,"startingSide":1}