{"speed":1.0,"_ids":22,"id":13,"currentX":-1.0200066566467286,"currentY":9.899999618530274,"startingSide":1}