{"speed":1.0,"_ids":22,"id":9,"currentX":2.8999907970428469,"currentY":9.899999618530274,"startingSide":1}