{"speed":5.0,"_ids":14,"id":2,"currentX":-0.014614173211157322,"currentY":-8.4300537109375}