{"speed":1.0,"_ids":0,"id":3,"currentX":4.630025386810303,"currentY":8.899999618530274,"startingSide":2}