{"speed":1.0,"_ids":0,"id":3,"currentX":7.6300225257873539,"currentY":8.899999618530274,"startingSide":2}