{"speed":1.0,"_ids":48,"id":45,"currentX":-7.880000114440918,"currentY":9.899999618530274,"startingSide":1}