{"speed":1.0,"_ids":48,"id":37,"currentX":-1.8800058364868165,"currentY":8.899999618530274,"startingSide":1}