{"speed":1.0,"_ids":48,"id":34,"currentX":1.1199924945831299,"currentY":9.899999618530274,"startingSide":1}