{"speed":1.0,"_ids":48,"id":29,"currentX":4.11998987197876,"currentY":8.899999618530274,"startingSide":1}