{"speed":1.0,"_ids":48,"id":26,"currentX":7.1199870109558109,"currentY":8.899999618530274,"startingSide":1}