{"speed":1.0,"_ids":38,"id":21,"currentX":4.659989356994629,"currentY":9.899999618530274,"startingSide":1}