{"speed":3.0,"_ids":358,"id":341,"currentX":5.230000019073486,"currentY":8.899999618530274,"startingSide":1}