{"speed":1.0,"_ids":14,"id":8,"currentX":-4.020003795623779,"currentY":8.899999618530274}