{"speed":1.0,"_ids":14,"id":0,"currentX":0.01407690066844225,"currentY":-7.558655738830566}