{"speed":0.0,"_ids":25,"id":2,"currentX":-0.0156568493694067,"currentY":-8.430404663085938,"startingSide":1}