{"speed":0.9996577501296997,"_ids":25,"id":14,"currentX":-9.942577362060547,"currentY":-7.544434547424316,"startingSide":2}