{"speed":0.0,"_ids":25,"id":1,"currentX":-0.0005390581209212542,"currentY":-9.125460624694825,"startingSide":1}